"All property types","All bedrooms","Carlow",745.00,692.66,651.37,628.96,626.96,600.97,616.73,641.47,664.76,708.90,752.29
"All property types","All bedrooms","Carlow Town",784.38,720.40,674.39,641.22,650.56,604.46,654.52,658.22,686.65,724.29,781.03
"All property types","All bedrooms","Graiguecullen, Carlow",754.20,702.53,649.78,614.64,601.84,604.03,585.57,594.62,633.20,702.06,752.27
"All property types","All bedrooms","Tullow, Carlow",717.01,665.34,608.97,582.98,578.09,560.82,552.75,576.33,612.69,660.98,699.98
"All property types","All bedrooms","Cavan",579.96,532.71,481.70,459.54,450.75,452.06,449.91,469.64,509.14,545.00,573.27
"All property types","All bedrooms","Cavan Town",598.44,555.56,454.32,456.51,456.84,443.59,455.38,485.45,528.09,567.57,595.69
"All property types","All bedrooms","Bailieborough, Cavan",0.00,486.17,461.09,427.28,431.78,438.66,425.23,463.14,514.98,530.71,522.47
"All property types","All bedrooms","Ballyconnell, Cavan",598.73,492.45,420.32,396.73,388.29,374.57,376.00,404.94,423.04,452.70,494.39
"All property types","All bedrooms","Ballyjamesduff, Cavan",664.47,589.17,549.19,541.54,480.51,462.20,470.45,487.53,510.92,571.17,614.21
"All property types","All bedrooms","Belturbet, Cavan",475.00,438.32,418.25,390.42,377.92,391.57,381.76,399.38,452.76,482.45,509.42
"All property types","All bedrooms","Cootehill, Cavan",548.58,473.82,457.92,438.97,454.45,434.42,423.98,443.38,474.98,503.44,531.73
"All property types","All bedrooms","Kingscourt, Cavan",742.52,660.90,515.91,466.47,499.57,503.87,491.01,478.95,543.42,608.26,587.60
"All property types","All bedrooms","Virginia, Cavan",624.91,585.28,549.53,508.03,496.29,502.09,506.60,532.57,585.70,617.48,658.12
"All property types","All bedrooms","Clare",696.22,642.95,588.34,552.90,534.78,530.88,530.79,543.41,584.48,624.71,664.69
"All property types","All bedrooms","Ennis, Clare",686.64,640.19,582.66,543.63,522.56,509.13,512.75,543.21,588.09,635.65,673.95
"All property types","All bedrooms","Killaloe, Clare",718.00,666.22,599.75,550.70,531.53,561.85,578.60,593.97,685.09,721.85,749.90
"All property types","All bedrooms","Kilrush, Clare",699.50,611.73,537.90,474.45,505.56,475.25,447.59,457.17,471.73,499.41,485.10
"All property types","All bedrooms","Newmarket-On-Fergus, Clare",0.00,0.00,0.00,0.00,0.00,0.00,0.00,0.00,0.00,0.00,0.00
"All property types","All bedrooms","Shannon, Clare",766.17,686.60,597.46,585.87,556.69,572.34,586.90,578.15,607.48,657.04,706.84
"All property types","All bedrooms","Sixmilebridge, Clare",0.00,656.84,595.09,583.94,591.89,570.82,585.09,604.38,640.75,686.46,721.85
"All property types","All bedrooms","Cork",910.85,845.58,770.22,729.97,787.26,814.13,846.54,809.15,873.96,937.20,990.54
"All property types","All bedrooms","Cork City",977.59,911.01,828.94,785.60,910.71,949.79,992.48,888.25,967.31,1050.50,1115.24
"All property types","All bedrooms","Ballincollig, Cork",986.71,925.52,847.90,828.21,838.28,834.21,859.75,936.77,1037.53,1105.84,1148.36
"All property types","All bedrooms","Ballintemple, Cork",978.02,897.84,834.83,792.03,825.40,847.21,860.57,918.32,987.44,1098.93,1213.17
"All property types","All bedrooms","Ballinure, Cork",1095.56,962.78,880.71,862.04,1085.33,1210.83,983.27,1030.61,1051.79,1178.39,1306.22
"All property types","All bedrooms","Bandon, Cork",827.33,740.87,693.39,649.15,633.15,659.54,681.94,710.57,736.78,772.84,809.90
"All property types","All bedrooms","Bantry, Cork",638.78,656.26,631.59,573.77,538.96,521.82,527.21,557.84,576.58,591.40,644.38
"All property types","All bedrooms","Bishopstown, Cork",1144.58,1006.38,964.21,929.84,962.73,963.57,1470.95,1071.34,1211.31,1242.27,1226.09
"All property types","All bedrooms","Blackpool, Cork",903.59,836.65,753.00,713.34,730.54,737.01,749.69,790.85,877.62,926.60,1015.35
"All property types","All bedrooms","Blackrock, Cork",1037.27,958.78,863.70,858.39,857.08,870.39,906.15,960.40,1049.29,1145.38,1219.66
"All property types","All bedrooms","Blarney, Cork",893.15,842.53,769.67,725.38,719.59,734.97,744.00,784.07,834.03,898.28,985.44
"All property types","All bedrooms","Carrigaline, Cork",921.51,865.72,800.96,761.40,738.37,760.40,795.78,839.57,909.22,979.89,1023.92
"All property types","All bedrooms","Carrigtwohill, Cork",883.45,820.57,748.03,723.14,716.08,720.54,729.39,773.19,821.23,882.69,962.16
"All property types","All bedrooms","Castlemartyr, Cork",749.52,678.98,602.71,598.04,630.40,587.41,590.25,642.40,698.29,796.41,845.20
"All property types","All bedrooms","Charleville, Cork",692.77,657.70,597.54,565.85,552.92,537.39,538.39,581.32,605.69,642.28,681.92
"All property types","All bedrooms","Clonakilty, Cork",767.65,715.53,645.51,602.91,604.90,597.56,597.27,650.47,676.64,708.88,760.35
"All property types","All bedrooms","Cloyne, Cork",773.96,703.35,600.14,558.25,558.00,561.13,594.66,666.33,757.51,802.33,893.84
"All property types","All bedrooms","Cobh, Cork",792.76,753.83,690.27,650.10,627.40,628.53,672.71,700.21,711.37,773.42,843.83
"All property types","All bedrooms","Crosshaven, Cork",890.59,849.66,781.00,731.40,727.82,732.21,775.46,850.34,866.28,891.40,995.35
"All property types","All bedrooms","Douglas, Cork",1050.91,954.20,875.57,849.97,858.41,883.78,921.40,1001.15,1097.21,1145.41,1201.13
"All property types","All bedrooms","Dunmanway, Cork",588.26,596.71,575.90,568.15,563.23,519.82,545.57,577.34,617.17,651.63,697.65
"All property types","All bedrooms","Fermoy, Cork",729.19,671.32,604.60,590.40,567.84,572.41,580.47,594.88,637.37,684.91,755.02
"All property types","All bedrooms","Frankfield, Cork",1041.18,977.57,894.28,874.64,891.31,888.32,927.23,1026.79,1121.18,1175.79,1217.51
"All property types","All bedrooms","Glanmire, Cork",958.47,836.12,773.83,774.97,762.42,772.45,765.42,851.81,933.40,1004.75,1068.68
"All property types","All bedrooms","Kanturk, Cork",668.53,610.23,516.48,515.50,520.59,509.66,478.38,533.90,575.25,647.90,738.45
"All property types","All bedrooms","Kinsale, Cork",978.71,895.78,852.50,824.26,790.90,772.96,801.77,869.33,959.15,1027.24,1085.33
"All property types","All bedrooms","Macroom, Cork",814.01,758.83,700.52,647.75,628.27,596.51,593.84,621.37,669.02,677.90,692.53
"All property types","All bedrooms","Mallow, Cork",718.40,672.44,615.78,589.71,571.16,576.21,587.87,626.66,679.87,735.16,793.58
"All property types","All bedrooms","Midleton, Cork",866.96,784.16,696.69,661.53,654.40,656.53,671.32,722.00,791.25,864.73,921.98
"All property types","All bedrooms","Millstreet, Cork",648.52,561.02,504.06,459.70,469.64,477.81,493.75,590.53,570.59,677.15,715.84
"All property types","All bedrooms","Mitchelstown, Cork",621.97,612.31,577.29,584.84,553.42,538.89,546.78,553.70,586.65,665.59,687.19
"All property types","All bedrooms","Montenotte, Cork",927.04,808.28,806.90,767.12,750.58,753.46,739.28,804.79,880.97,920.45,997.47
"All property types","All bedrooms","Passage West, Cork",896.41,848.62,763.14,709.32,685.96,686.69,714.71,767.08,854.65,946.91,1010.44
"All property types","All bedrooms","Rathcormac, Cork",774.57,720.77,631.13,573.82,575.90,594.56,606.94,641.89,723.39,750.84,785.27
"All property types","All bedrooms","Ringaskiddy, Cork",0.00,1009.44,0.00,492.92,504.92,526.90,844.04,811.02,855.90,0.00,0.00
"All property types","All bedrooms","Rochestown, Cork",1039.47,969.91,872.47,840.59,851.48,880.76,953.76,1053.20,1151.15,1203.18,1252.98
"All property types","All bedrooms","Skibbereen, Cork",618.92,598.90,526.56,489.07,479.59,477.26,465.17,479.79,516.85,555.58,593.15
"All property types","All bedrooms","Tivoli, Cork",913.83,884.26,789.79,750.04,764.20,797.87,787.98,856.75,953.94,994.46,1047.42
"All property types","All bedrooms","Tower, Cork",1028.27,949.14,824.39,788.42,785.97,812.51,820.33,863.46,989.84,999.73,1010.53
"All property types","All bedrooms","Whitegate, Cork",835.10,778.22,663.41,608.87,597.77,601.76,609.66,623.00,0.00,860.46,886.45
"All property types","All bedrooms","Wilton, Cork",1002.44,905.78,831.81,805.27,795.73,823.14,857.15,914.23,993.89,1049.75,1103.09
"All property types","All bedrooms","Youghal, Cork",709.62,663.31,601.35,550.32,545.03,538.28,537.16,563.72,603.88,674.81,730.47
"All property types","All bedrooms","Donegal",577.66,550.94,521.28,501.44,475.51,460.32,457.48,472.94,498.48,527.95,542.59
"All property types","All bedrooms","Donegal Town",683.09,615.50,533.65,520.73,498.34,481.79,469.69,486.60,506.44,520.83,519.09
"All property types","All bedrooms","Ballybofey, Donegal",598.40,572.12,559.40,550.95,508.57,443.70,436.23,447.92,484.67,534.51,555.03
"All property types","All bedrooms","Buncrana, Donegal",560.15,540.29,508.29,486.20,464.06,460.47,444.01,445.29,466.31,494.48,507.32
"All property types","All bedrooms","Bundoran, Donegal",0.00,542.00,535.81,487.85,461.53,449.47,453.03,439.51,441.95,452.89,497.57
"All property types","All bedrooms","Carndonagh, Donegal",524.51,480.04,457.72,425.14,401.94,370.25,405.45,446.26,403.73,397.04,451.01
"All property types","All bedrooms","Letterkenny, Donegal",579.50,560.01,524.76,504.48,480.62,461.98,470.03,493.81,526.85,569.46,586.07
"All property types","All bedrooms","Lifford, Donegal",541.17,527.25,501.23,461.45,452.82,425.07,408.51,423.12,459.57,472.07,454.07
"All property types","All bedrooms","Stranorlar, Donegal",581.78,560.23,535.85,495.79,517.40,486.32,426.81,445.39,448.76,483.19,561.22
"All property types","All bedrooms","Dublin",1340.04,1214.71,1076.98,1047.36,1078.83,1115.85,1178.24,1281.06,1371.92,1475.78,1584.58
"All property types","All bedrooms","Balbriggan, Dublin",1032.90,924.65,805.54,769.65,771.21,784.71,817.84,876.23,969.40,1062.98,1134.98
"All property types","All bedrooms","Blackrock, Dublin",1588.28,1423.31,1268.01,1247.72,1293.17,1354.52,1471.13,1583.30,1712.67,1808.85,1915.43
"All property types","All bedrooms","Booterstown, Dublin",1659.92,1537.67,1403.34,1333.36,1348.10,1430.56,1511.23,1636.18,1743.12,1847.89,1965.79
"All property types","All bedrooms","Cabinteely, Dublin",0.00,0.00,0.00,0.00,0.00,0.00,0.00,0.00,0.00,0.00,0.00
"All property types","All bedrooms","Citywest, Dublin",0.00,0.00,0.00,0.00,0.00,0.00,0.00,0.00,0.00,0.00,0.00
"All property types","All bedrooms","Dalkey, Dublin",1666.35,1580.46,1490.20,1463.42,1498.43,1616.79,1749.42,1922.11,2027.88,2078.57,2295.30
"All property types","All bedrooms","Donabate, Dublin",1164.87,1006.15,861.33,859.28,862.78,895.85,945.96,1011.35,1122.84,1204.06,1256.61
"All property types","All bedrooms","Dun Laoghaire, Dublin",1318.29,1222.98,1107.58,1054.81,1073.83,1152.30,1224.16,1332.18,1431.46,1553.31,1758.76
"All property types","All bedrooms","Glenageary, Dublin",1733.01,1559.08,1364.42,1294.56,1449.49,1463.09,1554.25,1749.89,1829.37,1903.18,2025.85
"All property types","All bedrooms","Howth, Dublin",1730.53,1418.85,1257.45,1245.03,1302.10,1313.06,1335.38,1446.02,1564.29,1725.03,1757.86
"All property types","All bedrooms","Killiney, Dublin",1729.22,1531.15,1402.71,1434.73,1456.86,1469.27,1537.04,1669.65,1767.93,1926.38,2104.57
"All property types","All bedrooms","Kinsealy, Dublin",1216.12,1103.92,1005.62,982.16,997.71,1038.62,1071.55,1142.62,1215.06,1316.66,1399.85
"All property types","All bedrooms","Lucan, Dublin",1221.78,1116.48,1004.10,978.92,991.46,1008.58,1050.09,1133.02,1223.06,1316.26,1474.56
"All property types","All bedrooms","Lusk, Dublin",1145.95,1048.05,940.65,910.63,895.63,900.12,982.34,1058.27,1125.16,1190.33,1275.27
"All property types","All bedrooms","Malahide, Dublin",1553.18,1378.72,1239.87,1222.63,1264.61,1319.77,1371.06,1473.70,1573.43,1711.93,1853.27
"All property types","All bedrooms","Monkstown, Dublin",1312.65,1195.31,1066.50,1058.96,1085.15,1127.02,1178.18,1278.89,1427.26,1599.79,1678.65
"All property types","All bedrooms","Mount Merrion, Dublin",1854.79,1772.40,1651.21,1634.23,1714.41,1822.25,1831.49,2005.18,2151.56,2307.63,2333.37
"All property types","All bedrooms","Portmarnock, Dublin",1337.47,1250.80,1113.53,1099.15,1086.05,1129.89,1207.12,1271.35,1380.04,1466.74,1553.27
"All property types","All bedrooms","Rathcoole, Dublin",1071.49,952.16,871.78,896.34,874.10,911.02,996.69,1040.73,1166.42,1259.46,1318.31
"All property types","All bedrooms","Rush, Dublin",1075.06,1003.69,918.77,868.07,870.66,879.15,927.97,1011.65,1046.27,1094.95,1227.76
"All property types","All bedrooms","Saggart, Dublin",1273.56,1148.49,1000.63,947.46,937.02,978.35,1033.50,1113.56,1224.92,1292.00,1381.41
"All property types","All bedrooms","Sandycove, Dublin",1574.68,1457.81,1308.41,1226.67,1483.05,1543.23,1545.11,1615.41,1955.61,2044.53,2141.46
"All property types","All bedrooms","Shankill, Dublin",1385.42,1241.39,1119.67,1106.05,1093.01,1116.23,1174.29,1244.54,1339.85,1441.87,1541.16
"All property types","All bedrooms","Skerries, Dublin",1106.83,1036.29,926.27,888.09,897.20,922.57,973.98,1067.96,1145.43,1200.35,1315.36
"All property types","All bedrooms","Stepaside, Dublin",0.00,0.00,0.00,0.00,0.00,0.00,0.00,0.00,0.00,0.00,0.00
"All property types","All bedrooms","Stillorgan, Dublin",1570.40,1418.53,1280.06,1251.70,1277.58,1319.09,1422.77,1505.37,1591.62,1701.84,1811.88
"All property types","All bedrooms","Swords, Dublin",1200.38,1090.74,965.63,932.26,941.77,962.82,1019.92,1110.51,1202.23,1288.02,1364.31
"All property types","All bedrooms","Dublin 1",1190.88,1097.20,975.10,983.45,983.50,986.76,1071.58,1160.73,1238.14,1311.91,1492.46
"All property types","All bedrooms","I.F.S.C., Dublin 1",1426.58,1253.06,1136.76,1535.72,1906.48,1934.06,1982.49,2142.57,2033.20,2084.99,2272.65
"All property types","All bedrooms","Parnell Street, Dublin 1",1351.51,1238.11,1068.13,1030.66,1044.39,1056.97,1128.83,1282.12,1384.18,1425.40,1583.59
"All property types","All bedrooms","Spencer Dock, Dublin 1",1574.03,1458.10,1287.46,1292.74,1360.92,1456.93,1575.97,1644.23,1781.11,1878.56,2010.96
"All property types","All bedrooms","Summerhill, Dublin 1",1154.42,1149.25,1012.55,931.78,971.03,974.84,951.32,1019.93,1073.81,1146.49,1424.93
"All property types","All bedrooms","Dublin 2",1410.34,1297.72,1168.99,1129.68,1176.60,1233.59,1307.73,1442.66,1576.78,1696.52,1829.83
"All property types","All bedrooms","Aungier Street, Dublin 2",1149.86,1012.90,927.13,940.25,969.09,1017.86,1107.22,1223.03,1390.42,1425.86,1601.67
"All property types","All bedrooms","Charlemont Street, Dublin 2",1505.04,1366.88,1242.92,1221.15,1260.56,1332.50,1392.77,1474.00,1583.74,1678.30,1847.16
"All property types","All bedrooms","Grand Canal Dock, Dublin 2",1716.17,1573.86,1436.04,1456.54,1507.89,1621.03,1772.16,1941.28,2142.41,2266.56,2340.79
"All property types","All bedrooms","Grand Canal Square, Dublin 2",0.00,1601.47,1511.70,1521.03,1795.00,1916.81,2033.28,2206.64,2482.66,2821.20,2902.88
"All property types","All bedrooms","Hanover Quay, Dublin 2",1898.71,1746.81,1637.72,1575.00,1534.79,1656.41,1778.43,1854.93,2030.38,1981.96,2239.77
"All property types","All bedrooms","Lower Mount Street, Dublin 2",1257.93,1154.06,1041.29,1013.44,1076.15,1151.60,1341.63,1452.08,1491.86,1608.58,1740.18
"All property types","All bedrooms","Pearse Street, Dublin 2",1309.51,1172.37,1061.61,1019.80,1060.18,1127.85,1244.09,1325.67,1462.96,1558.53,1653.03
"All property types","All bedrooms","Tara Street, Dublin 2",1282.37,1154.60,1024.13,946.17,949.25,1002.03,1124.96,1266.91,1422.43,1492.74,1493.17
"All property types","All bedrooms","Temple Bar, Dublin 2",1464.12,1261.65,1144.64,1124.03,1120.31,1137.40,1220.31,1358.86,1442.92,1574.80,1624.23
"All property types","All bedrooms","Townsend Street, Dublin 2",1379.16,1244.64,1092.91,1072.30,1117.39,1163.30,1271.30,1398.70,1520.09,1651.50,1746.42
"All property types","All bedrooms","Dublin 3",1222.75,1097.33,973.64,934.67,945.92,988.81,1068.02,1161.84,1257.21,1351.95,1466.18
"All property types","All bedrooms","Clonliffe, Dublin 3",1087.46,982.28,892.65,797.98,806.78,895.65,909.75,924.08,1029.67,1154.03,1328.80
"All property types","All bedrooms","Clontarf, Dublin 3",1289.39,1155.96,1025.03,990.46,1018.34,1058.36,1145.01,1266.22,1362.47,1459.38,1561.39
"All property types","All bedrooms","Drumcondra, Dublin 3",1161.13,1052.85,859.28,897.08,876.27,936.94,1029.91,1108.89,1216.61,1342.10,1457.95
"All property types","All bedrooms","East Wall, Dublin 3",1253.55,1101.08,948.27,922.06,958.40,979.91,1053.56,1157.02,1251.00,1307.24,1491.78
"All property types","All bedrooms","Eastwall, Dublin 3",0.00,0.00,0.00,0.00,0.00,0.00,0.00,0.00,0.00,0.00,0.00
"All property types","All bedrooms","Fairview, Dublin 3",1024.20,947.90,871.65,878.73,891.33,918.69,976.48,1048.39,1118.56,1194.31,1296.48
"All property types","All bedrooms","Marino, Dublin 3",1423.75,1276.38,1109.58,1092.03,1127.41,1128.09,1185.00,1326.88,1402.81,1536.71,1666.80
"All property types","All bedrooms","North Strand, Dublin 3",1219.78,1030.01,916.21,879.54,856.37,955.59,1017.08,1062.77,1180.83,1325.34,1391.76
"All property types","All bedrooms","Dublin 4",1563.43,1403.83,1284.72,1272.56,1296.79,1363.30,1474.63,1601.97,1696.55,1821.55,1970.84
"All property types","All bedrooms","Ballsbridge, Dublin 4",1664.53,1503.01,1359.90,1358.93,1393.42,1438.70,1557.29,1696.09,1792.20,1989.15,2179.49
"All property types","All bedrooms","Donnybrook, Dublin 4",1618.75,1432.22,1319.55,1310.55,1300.80,1381.89,1541.62,1684.56,1796.78,1834.43,1910.18
"All property types","All bedrooms","Irishtown, Dublin 4",1448.67,1238.43,1130.18,1111.05,1173.36,1230.00,1307.06,1362.41,1519.06,1677.35,1878.83
"All property types","All bedrooms","Merrion, Dublin 4",1511.09,1344.81,1218.60,1201.20,1233.87,1330.96,1400.43,1512.98,1583.50,1612.75,1679.18
"All property types","All bedrooms","Pembroke, Dublin 4",1285.98,1185.03,1122.31,1142.56,1199.89,1255.01,1350.37,1506.99,1609.29,1657.34,1898.14
"All property types","All bedrooms","Ringsend, Dublin 4",1392.35,1261.25,1144.16,1146.79,1162.30,1205.27,1299.65,1410.36,1512.14,1626.50,1755.03
"All property types","All bedrooms","Sandymount, Dublin 4",1701.29,1515.68,1432.90,1390.62,1383.31,1466.77,1571.75,1669.65,1766.08,1863.00,2017.48
"All property types","All bedrooms","Dublin 5",1309.04,1191.75,1051.85,1013.37,1012.27,1036.62,1104.54,1185.72,1275.35,1373.08,1483.31
"All property types","All bedrooms","Artane, Dublin 5",1311.39,1204.70,1056.76,1004.59,993.47,1017.84,1098.31,1142.72,1204.65,1337.31,1449.43
"All property types","All bedrooms","Killester, Dublin 5",1355.67,1179.93,1044.34,1026.83,1015.82,1046.68,1161.63,1254.99,1280.75,1384.58,1577.81
"All property types","All bedrooms","Raheny, Dublin 5",1354.88,1214.99,1081.96,1037.59,1043.22,1083.45,1129.50,1222.49,1354.18,1434.58,1527.89
"All property types","All bedrooms","Dublin 6",1143.47,1074.02,994.46,956.21,970.97,1013.20,1096.41,1197.61,1284.47,1370.01,1470.90
"All property types","All bedrooms","Dartry, Dublin 6",1619.58,1436.58,1319.40,1269.18,1321.99,1408.41,1444.77,1471.48,1543.83,1759.49,1861.51
"All property types","All bedrooms","Harolds Cross, Dublin 6",1264.25,1116.51,1018.11,978.92,994.04,1042.79,1191.11,1337.25,1365.86,1394.93,1497.42
"All property types","All bedrooms","Milltown, Dublin 6",1569.72,1416.75,1245.35,1242.97,1333.48,1393.77,1463.08,1592.65,1753.97,1853.74,1942.60
"All property types","All bedrooms","Ranelagh, Dublin 6",1213.31,1165.70,1075.49,1004.96,1033.59,1086.15,1193.46,1318.38,1395.09,1522.52,1640.92
"All property types","All bedrooms","Rathgar, Dublin 6",1095.77,1041.86,960.64,905.62,886.39,930.91,1008.61,1121.86,1216.01,1321.86,1463.84
"All property types","All bedrooms","Rathmines, Dublin 6",1021.48,944.64,875.08,858.53,848.28,872.70,936.67,1009.37,1095.11,1163.27,1239.97
"All property types","All bedrooms","Terenure, Dublin 6",1201.81,1165.58,1082.56,1025.77,1011.29,1123.03,1232.22,1264.96,1362.89,1463.81,1491.43
"All property types","All bedrooms","Dublin 6W",1306.68,1210.99,1122.29,1089.99,1079.34,1133.87,1226.81,1320.60,1409.89,1516.81,1632.51
"All property types","All bedrooms","Harolds Cross, Dublin 6W",1259.90,1144.49,1056.98,1034.05,1013.78,1070.89,1179.88,1232.74,1278.45,1415.20,1475.16
"All property types","All bedrooms","Templeogue, Dublin 6W",1406.01,1254.97,1184.72,1215.41,1243.56,1275.08,1301.18,1391.65,1571.86,1718.46,1775.12
"All property types","All bedrooms","Terenure, Dublin 6W",1470.70,1339.04,1253.97,1191.40,1202.73,1269.43,1356.76,1451.81,1571.63,1689.45,1805.63
"All property types","All bedrooms","Dublin 7",1071.30,995.65,910.84,859.71,842.27,874.37,958.08,1054.13,1133.35,1199.56,1283.03
"All property types","All bedrooms","Arbour Hill, Dublin 7",0.00,1175.18,1085.51,1047.73,1091.28,1127.60,1194.17,1209.25,1263.88,1470.15,1592.96
"All property types","All bedrooms","Cabra, Dublin 7",989.76,951.21,894.65,835.57,772.87,809.42,887.65,963.35,1054.23,1130.11,1220.64
"All property types","All bedrooms","Navan Road, Dublin 7",1259.83,1156.67,1042.43,982.64,1000.78,1054.36,1119.22,1209.68,1323.65,1429.89,1535.62
"All property types","All bedrooms","North Circular Road, Dublin 7",1056.79,1010.67,979.16,929.46,838.47,860.60,926.25,1036.68,1173.00,1233.59,1223.50
"All property types","All bedrooms","Phibsboro, Dublin 7",923.69,881.15,853.78,796.15,750.21,780.73,901.51,1014.93,1004.76,1067.67,1135.51
"All property types","All bedrooms","Smithfield, Dublin 7",1348.99,1214.62,1089.56,1009.94,990.14,1056.98,1189.81,1282.54,1364.63,1434.36,1551.36
"All property types","All bedrooms","Stoneybatter, Dublin 7",1124.43,1055.43,967.15,928.64,915.82,929.13,1010.54,1115.99,1251.21,1371.31,1420.87
"All property types","All bedrooms","Dublin 8",1136.50,1041.93,939.14,907.65,916.83,963.04,1032.93,1121.40,1220.64,1335.78,1456.54
"All property types","All bedrooms","Christchurch, Dublin 8",1207.70,1049.63,938.73,912.34,923.13,960.44,1026.98,1136.18,1227.54,1361.90,1481.71
"All property types","All bedrooms","Cork Street, Dublin 8",1242.96,1118.31,990.60,943.20,952.08,1002.70,1075.33,1096.05,1175.27,1278.81,1370.95
"All property types","All bedrooms","Dolphins Barn, Dublin 8",0.00,1061.59,952.70,904.48,894.26,875.12,0.00,0.00,1136.18,0.00,0.00
"All property types","All bedrooms","Inchicore, Dublin 8",1166.23,1077.62,967.15,906.70,901.78,924.94,1027.67,1117.17,1209.75,1305.62,1362.11
"All property types","All bedrooms","Islandbridge, Dublin 8",1126.10,1055.02,965.83,1013.51,1071.31,1153.45,1254.12,1400.43,1531.77,1694.40,1798.88
"All property types","All bedrooms","Kilmainham , Dublin 8",1187.27,1093.23,1005.68,961.92,944.12,996.96,1078.49,1169.68,1274.00,1372.90,1488.55
"All property types","All bedrooms","Portobello, Dublin 8",1057.60,968.78,909.31,878.03,860.22,909.98,1003.44,1052.98,1179.11,1337.81,1396.95
"All property types","All bedrooms","Rialto, Dublin 8",1152.68,1016.56,900.10,885.34,891.75,938.15,1018.44,1100.23,1168.53,1268.05,1345.91
"All property types","All bedrooms","South Circular Road, Dublin 8",963.84,983.47,892.69,802.48,734.23,803.83,869.81,948.37,1052.52,1120.30,1274.81
"All property types","All bedrooms","The Coombe, Dublin 8",0.00,1070.54,931.40,902.77,931.17,961.03,1119.05,1177.73,1224.45,1268.20,1469.10
"All property types","All bedrooms","Dublin 9",1196.91,1093.14,975.13,932.87,957.41,1058.55,1187.47,1295.54,1338.63,1379.01,1476.81
"All property types","All bedrooms","Ballymun, Dublin 9",1083.75,939.97,801.31,773.60,771.21,775.62,846.40,984.73,1064.62,1144.49,1271.89
"All property types","All bedrooms","Beaumont, Dublin 9",1265.61,1132.64,984.58,944.15,962.89,1006.27,1070.77,1171.93,1268.65,1390.04,1519.37
"All property types","All bedrooms","Drumcondra, Dublin 9",1182.26,1093.99,1000.25,963.06,980.02,1039.49,1119.81,1226.38,1303.83,1401.39,1521.29
"All property types","All bedrooms","Glasnevin, Dublin 9",1072.70,1020.94,965.38,925.88,944.65,1402.20,1457.79,1185.45,1292.54,1385.59,1467.53
"All property types","All bedrooms","Santry, Dublin 9",1192.18,1097.15,952.31,891.71,928.21,1005.68,1104.02,1228.43,1340.46,1355.28,1437.37
"All property types","All bedrooms","Whitehall, Dublin 9",1359.11,1093.08,972.15,1000.28,1049.61,1042.00,1154.74,1227.78,1314.93,1442.81,1449.66
"All property types","All bedrooms","Dublin 10",1119.04,1036.11,924.46,867.09,870.94,890.01,917.09,971.48,1043.64,1125.02,1244.18
"All property types","All bedrooms","Ballyfermot, Dublin 10",1149.88,1052.16,947.33,904.10,901.09,902.95,913.21,967.28,1030.98,1115.50,1231.00
"All property types","All bedrooms","Cherry Orchard, Dublin 10",0.00,981.54,866.35,814.13,836.52,838.09,905.09,951.41,1009.25,1117.47,1252.03
"All property types","All bedrooms","Dublin 11",1166.02,1053.74,942.29,895.62,904.14,923.84,991.53,1078.24,1169.56,1246.09,1360.17
"All property types","All bedrooms","Ballymun, Dublin 11",1053.47,921.75,804.45,774.31,791.60,813.21,861.91,943.40,1035.72,1122.09,1234.46
"All property types","All bedrooms","Finglas, Dublin 11",1164.93,1057.28,946.40,894.35,890.23,912.65,978.15,1066.73,1163.50,1240.09,1359.59
"All property types","All bedrooms","Glasnevin, Dublin 11",1278.80,1157.89,1033.95,983.16,994.70,1020.60,1114.89,1191.01,1289.23,1336.91,1445.31
"All property types","All bedrooms","Meakstown, Dublin 11",1225.08,1113.18,1012.64,948.95,927.59,929.96,957.48,1023.42,1095.43,1174.56,1242.62
"All property types","All bedrooms","St Margarets Road, Dublin 11",1121.14,1060.04,976.63,937.96,950.14,965.15,1028.37,1120.85,1187.62,1234.11,1358.71
"All property types","All bedrooms","Dublin 12",1252.03,1132.96,1003.52,960.45,958.41,984.12,1054.26,1143.43,1238.56,1317.17,1393.09
"All property types","All bedrooms","Crumlin, Dublin 12",1203.20,1080.49,964.45,934.39,940.50,942.01,999.09,1115.34,1214.22,1276.47,1355.48
"All property types","All bedrooms","Drimnagh, Dublin 12",1317.26,1198.38,1037.11,986.03,985.00,1018.63,1101.78,1183.18,1302.99,1383.33,1413.47
"All property types","All bedrooms","Kimmage, Dublin 12",1222.02,1130.43,991.53,942.88,955.65,1021.69,1114.89,1243.87,1358.74,1415.60,1521.92
"All property types","All bedrooms","Walkinstown, Dublin 12",1249.65,1153.86,1073.58,1020.40,993.84,985.22,1055.84,1135.22,1173.52,1252.00,1383.85
"All property types","All bedrooms","Dublin 13",1328.25,1188.01,1050.48,1033.03,1050.48,1085.93,1151.97,1244.68,1365.66,1493.25,1586.49
"All property types","All bedrooms","Baldoyle, Dublin 13",1354.87,1201.83,1045.30,1006.41,1008.50,1052.59,1142.22,1249.95,1302.75,1392.72,1501.98
"All property types","All bedrooms","Balgriffin, Dublin 13",0.00,1233.86,1051.60,1040.37,1087.89,1174.64,1267.48,1410.48,1575.29,1705.73,1779.64
"All property types","All bedrooms","Clongriffin, Dublin 13",1232.37,1118.39,1010.61,962.89,983.48,1046.96,1094.96,1160.72,1263.83,1368.15,1434.77
"All property types","All bedrooms","Donaghmede, Dublin 13",1252.33,1101.80,1008.82,981.81,992.87,994.09,1048.65,1115.76,1209.61,1322.73,1362.84
"All property types","All bedrooms","Sutton, Dublin 13",1527.77,1387.55,1225.26,1259.70,1289.97,1260.98,1354.37,1478.09,1526.90,1605.40,1790.63
"All property types","All bedrooms","Dublin 14",1542.14,1402.31,1262.23,1233.53,1263.70,1322.14,1426.41,1538.98,1660.27,1762.00,1860.39
"All property types","All bedrooms","Churchtown, Dublin 14",1604.51,1468.17,1351.39,1285.54,1295.41,1342.98,1434.10,1518.72,1621.43,1747.38,1921.39
"All property types","All bedrooms","Clonskeagh, Dublin 14",1671.97,1553.54,1396.25,1324.40,1417.29,1488.28,1628.66,1779.99,1911.27,1945.31,2057.92
"All property types","All bedrooms","Dundrum, Dublin 14",1509.00,1363.54,1201.66,1178.39,1194.16,1255.80,1383.67,1473.99,1580.49,1731.02,1820.18
"All property types","All bedrooms","Goatstown, Dublin 14",1742.93,1618.61,1479.39,1457.61,1474.12,1556.92,1712.66,1775.81,1897.42,2032.51,2105.32
"All property types","All bedrooms","Rathfarnham, Dublin 14",1407.53,1270.99,1162.87,1131.31,1148.22,1203.06,1296.81,1415.00,1556.36,1654.49,1719.81
"All property types","All bedrooms","Dublin 15",1238.88,1122.56,1000.16,956.22,954.66,984.60,1058.97,1157.84,1246.81,1331.81,1435.54
"All property types","All bedrooms","Ashtown, Dublin 15",1249.39,1107.93,993.52,957.25,956.88,992.17,1088.37,1194.80,1266.81,1364.54,1478.70
"All property types","All bedrooms","Blanchardstown, Dublin 15",1172.99,1077.05,957.65,905.08,916.48,938.04,1002.76,1096.97,1185.06,1260.23,1333.08
"All property types","All bedrooms","Carpenterstown, Dublin 15",1204.37,1116.38,1000.43,954.28,966.29,1006.58,1059.49,1181.72,1261.33,1351.41,1434.06
"All property types","All bedrooms","Castleknock, Dublin 15",1329.85,1203.36,1071.51,1033.21,1041.29,1096.10,1188.12,1295.21,1399.77,1503.91,1592.33
"All property types","All bedrooms","Clonee, Dublin 15",1181.75,1076.08,968.48,931.31,926.26,945.41,1006.83,1100.35,1179.60,1260.90,1350.54
"All property types","All bedrooms","Clonsilla, Dublin 15",1236.80,1123.53,1007.79,967.03,961.54,982.63,1045.36,1137.30,1217.33,1298.68,1497.25
"All property types","All bedrooms","Coolmine, Dublin 15",1126.98,1025.96,978.96,955.00,934.34,946.14,1030.38,1104.72,1178.16,1186.58,1277.98
"All property types","All bedrooms","Mulhuddart, Dublin 15",1119.68,1029.49,934.71,888.08,859.09,855.28,906.95,958.14,1042.42,1120.01,1207.75
"All property types","All bedrooms","Ongar, Dublin 15",1150.68,1035.42,897.38,857.79,854.40,895.33,964.23,1044.34,1129.11,1206.83,1315.83
"All property types","All bedrooms","Porterstown, Dublin 15",1160.30,1120.41,980.66,848.59,838.46,863.53,946.47,1087.50,1166.89,1238.20,1481.97
"All property types","All bedrooms","Royal Canal Park, Dublin 15",1226.47,1104.75,988.00,944.32,942.65,992.89,1070.63,1166.35,1250.80,1311.66,1398.16
"All property types","All bedrooms","Tyrrelstown, Dublin 15",1277.87,1116.59,978.76,939.73,954.21,964.40,1016.15,1125.24,1201.84,1279.18,1358.18
"All property types","All bedrooms","Dublin 16",1433.64,1303.31,1174.81,1153.30,1153.64,1198.39,1288.43,1425.23,1548.38,1604.90,1727.66
"All property types","All bedrooms","Ballinteer, Dublin 16",1450.18,1307.35,1182.80,1181.60,1209.50,1259.95,1365.29,1482.00,1582.68,1676.23,1769.43
"All property types","All bedrooms","Dundrum, Dublin 16",1514.18,1397.62,1233.59,1208.27,1240.81,1288.31,1348.38,1662.81,1743.88,1762.95,1799.84
"All property types","All bedrooms","Knocklyon, Dublin 16",1388.38,1266.55,1145.34,1104.33,1099.09,1163.11,1279.43,1366.00,1438.01,1520.55,1658.11
"All property types","All bedrooms","Rathfarnham, Dublin 16",1423.89,1285.20,1150.76,1129.88,1136.67,1191.89,1283.75,1381.18,1506.39,1588.11,1713.11
"All property types","All bedrooms","Sandyford, Dublin 16",1444.15,1305.99,1193.50,1150.24,1153.02,1149.93,1177.50,1206.93,1332.13,1476.56,1464.21
"All property types","All bedrooms","Dublin 17",1264.62,1119.11,986.71,941.17,923.71,942.15,1006.56,1080.81,1145.25,1229.43,1349.67
"All property types","All bedrooms","Malahide Road, Dublin 17",1278.54,1161.90,998.90,934.90,925.95,929.79,1021.77,1101.67,1167.90,1363.45,1605.93
"All property types","All bedrooms","Northern Cross, Dublin 17",0.00,1030.61,988.76,964.48,894.71,918.94,953.37,0.00,0.00,1254.81,1333.31
"All property types","All bedrooms","Dublin 18",1511.09,1343.17,1209.89,1184.68,1200.17,1242.79,1350.53,1464.61,1587.03,1704.78,1785.90
"All property types","All bedrooms","Cabinteely, Dublin 18",1418.96,1299.43,1154.61,1119.06,1145.63,1187.72,1275.80,1366.86,1481.08,1596.28,1693.89
"All property types","All bedrooms","Carrickmines, Dublin 18",1593.18,1340.74,1229.06,1202.06,1226.62,1266.30,1359.46,1415.79,1558.72,1669.86,1673.06
"All property types","All bedrooms","Foxrock, Dublin 18",2140.45,1824.68,1720.48,1736.52,1779.49,1807.68,1910.54,2030.47,2113.20,2352.90,2503.18
"All property types","All bedrooms","Leopardstown, Dublin 18",1595.68,1392.58,1267.14,1233.56,1245.36,1295.30,1418.53,1573.93,1723.35,1834.23,1947.79
"All property types","All bedrooms","Sandyford, Dublin 18",1456.54,1293.18,1130.18,1111.50,1143.63,1196.85,1305.28,1423.10,1540.95,1637.83,1712.50
"All property types","All bedrooms","Stepaside, Dublin 18",1420.41,1230.90,1108.04,1062.39,1099.58,1128.51,1215.90,1314.74,1441.25,1521.33,1591.81
"All property types","All bedrooms","Dublin 20",1195.42,1095.33,975.63,930.67,922.76,958.94,1026.38,1113.28,1228.85,1310.17,1386.45
"All property types","All bedrooms","Chapelizod, Dublin 20",1193.42,1080.17,937.65,905.07,910.73,950.40,1017.82,1111.78,1190.63,1271.09,1355.37
"All property types","All bedrooms","Palmerstown, Dublin 20",1213.21,1124.98,1026.13,958.76,940.07,976.75,1041.08,1196.71,1288.05,1349.08,1400.87
"All property types","All bedrooms","Clondalkin, Dublin 22",1135.40,1037.55,916.15,880.32,893.84,913.02,956.44,1027.59,1103.85,1179.56,1282.68
"All property types","All bedrooms","Dublin 24",1200.89,1063.80,948.13,916.73,916.34,928.78,1005.19,1106.39,1172.76,1258.37,1339.86
"All property types","All bedrooms","Ballycullen, Dublin 24",1304.91,1177.27,1058.43,1017.50,1037.06,1035.79,1093.81,1196.87,1298.76,1383.96,1447.66
"All property types","All bedrooms","Citywest, Dublin 24",1209.86,1093.78,950.53,920.37,927.63,957.85,1027.56,1114.10,1205.56,1280.43,1390.15
"All property types","All bedrooms","Firhouse, Dublin 24",1239.98,1150.52,1051.79,1057.98,1061.35,1039.14,1099.10,1184.93,1280.80,1336.91,1376.81
"All property types","All bedrooms","Tallaght, Dublin 24",1176.79,1038.47,925.87,895.10,890.65,906.59,1000.85,1102.38,1159.02,1246.62,1316.03
"All property types","All bedrooms","Galway",880.58,815.95,792.32,741.92,756.89,772.95,810.06,882.10,986.29,937.84,985.23
"All property types","All bedrooms","Galway City",947.27,877.69,857.98,811.65,823.48,855.26,908.87,989.34,1123.46,1041.77,1106.89
"All property types","All bedrooms","Athenry, Galway",704.70,645.90,582.15,559.26,559.40,573.46,593.19,639.32,685.48,749.28,841.78
"All property types","All bedrooms","Ballinasloe, Galway",607.44,592.54,560.40,479.98,478.82,470.41,486.45,494.85,544.13,580.84,609.59
"All property types","All bedrooms","Ballybane, Galway",820.67,719.75,702.81,763.39,761.57,775.33,834.51,843.94,962.92,909.77,942.22
"All property types","All bedrooms","Ballybrit, Galway",866.09,669.04,649.90,619.41,613.70,635.48,661.90,840.29,954.35,1047.30,1162.43
"All property types","All bedrooms","Barna, Galway",1042.98,951.14,834.23,815.34,835.59,849.45,876.94,927.84,1021.11,1141.56,1230.05
"All property types","All bedrooms","Bohermore, Galway",983.91,920.95,869.07,830.64,841.87,883.10,960.41,974.44,1037.23,1021.67,1171.56
"All property types","All bedrooms","Claregalway, Galway",779.39,743.09,679.96,674.08,667.38,662.03,675.64,744.04,767.14,870.50,929.52
"All property types","All bedrooms","Clifden, Galway",608.72,590.97,552.75,505.26,488.63,496.76,488.12,519.67,535.69,574.95,605.52
"All property types","All bedrooms","Doughiska, Galway",839.97,772.66,718.63,709.97,712.53,712.10,738.88,785.63,863.19,942.40,1006.30
"All property types","All bedrooms","Gort, Galway",1020.49,929.28,872.03,870.65,881.82,1260.95,1229.18,2263.11,2612.34,749.03,769.38
"All property types","All bedrooms","Headford, Galway",1136.27,1003.85,959.37,758.21,1032.96,1019.20,864.53,978.32,1179.20,1129.79,1013.87
"All property types","All bedrooms","Knocknacarra, Galway",870.06,816.67,752.62,752.63,771.60,780.19,818.31,859.97,930.39,1004.30,1060.64
"All property types","All bedrooms","Loughrea, Galway",642.54,567.56,503.54,482.39,486.10,480.20,492.53,564.35,635.63,673.00,721.08
"All property types","All bedrooms","Mervue, Galway",984.81,936.65,1632.22,0.00,0.00,0.00,0.00,976.76,0.00,0.00,0.00
"All property types","All bedrooms","Monivea, Galway",0.00,0.00,0.00,0.00,0.00,692.90,708.09,0.00,0.00,0.00,0.00
"All property types","All bedrooms","Moycullen, Galway",721.73,711.07,676.17,655.21,648.82,681.56,665.03,699.50,841.75,899.45,926.10
"All property types","All bedrooms","Newcastle, Galway",1044.38,987.44,968.90,898.48,972.22,1017.48,1092.65,1077.40,1150.88,1141.67,1241.42
"All property types","All bedrooms","Oranmore, Galway",858.76,785.62,736.19,712.90,709.79,712.09,733.22,796.91,851.15,910.98,982.12
"All property types","All bedrooms","Oughterard, Galway",668.09,628.21,595.96,592.71,599.32,576.07,597.79,611.94,625.91,658.71,715.28
"All property types","All bedrooms","Portumna, Galway",627.52,551.13,495.95,485.54,425.48,419.28,411.13,431.70,453.79,482.79,524.77
"All property types","All bedrooms","Rahoon, Galway",903.40,855.71,808.85,783.03,806.83,819.84,822.17,886.04,937.53,961.84,1044.06
"All property types","All bedrooms","Renmore, Galway",724.59,774.72,746.84,719.95,710.21,732.90,775.21,823.20,873.02,986.22,1075.76
"All property types","All bedrooms","Roscam, Galway",941.03,905.67,830.95,818.67,828.96,826.25,860.85,905.01,1003.94,1079.65,1148.92
"All property types","All bedrooms","Salthill, Galway",927.28,868.45,813.53,796.97,808.48,821.66,840.01,900.26,984.21,1022.39,1080.76
"All property types","All bedrooms","Tuam, Galway",665.71,662.15,571.10,551.56,538.19,536.56,543.29,581.75,616.34,675.76,740.41
"All property types","All bedrooms","Wellpark, Galway",943.78,878.79,816.51,824.59,816.78,846.46,846.92,860.76,986.38,1012.36,1045.18
"All property types","All bedrooms","Woodquay, Galway",1138.86,1028.93,910.15,908.09,866.27,891.71,953.06,1019.45,1100.43,1253.18,1344.53
"All property types","All bedrooms","Kerry",679.40,651.63,590.72,558.69,565.37,559.15,558.69,628.07,615.01,643.48,669.87
"All property types","All bedrooms","Castleisland, Kerry",659.26,655.56,553.31,499.10,520.65,502.98,529.20,529.34,524.81,550.88,598.46
"All property types","All bedrooms","Dingle, Kerry",751.95,662.84,538.41,493.69,497.51,480.45,657.22,707.66,751.16,825.07,930.87
"All property types","All bedrooms","Kenmare, Kerry",772.78,637.96,534.83,504.62,473.85,470.73,510.60,553.66,626.70,689.28,741.41
"All property types","All bedrooms","Killarney, Kerry",799.14,745.91,656.03,614.72,598.96,609.34,635.03,676.60,708.45,744.96,789.65
"All property types","All bedrooms","Killorglin, Kerry",651.16,672.50,621.62,544.41,493.95,503.41,519.37,527.63,577.20,597.03,622.38
"All property types","All bedrooms","Listowel, Kerry",649.98,574.84,551.34,511.85,472.03,470.47,504.34,515.79,523.15,552.23,557.84
"All property types","All bedrooms","Tralee, Kerry",655.32,642.87,578.90,558.46,598.96,588.65,552.65,671.65,606.34,631.15,641.72
"All property types","All bedrooms","Kildare",1014.96,922.50,824.46,789.13,779.79,789.84,844.79,921.90,997.77,1064.75,1122.27
"All property types","All bedrooms","Kildare Town",860.04,784.53,718.76,690.27,658.12,664.12,703.37,755.78,815.22,909.69,984.16
"All property types","All bedrooms","Athy, Kildare",717.46,675.09,621.64,620.26,611.46,562.85,574.85,605.57,659.98,717.48,791.82
"All property types","All bedrooms","Castledermot, Kildare",766.25,718.75,639.06,593.08,573.14,576.90,596.60,670.84,710.89,777.54,852.84
"All property types","All bedrooms","Celbridge, Kildare",1127.93,1024.70,924.15,890.13,883.28,908.53,964.98,1035.58,1139.23,1185.14,1245.95
"All property types","All bedrooms","Clane, Kildare",999.12,884.09,766.79,737.83,742.21,796.87,859.28,931.69,1023.44,1078.03,1133.95
"All property types","All bedrooms","Kilcock, Kildare",993.06,897.21,803.10,772.28,766.26,775.52,827.38,898.06,974.96,1039.39,1108.41
"All property types","All bedrooms","Kilcullen, Kildare",917.57,855.50,781.41,720.39,710.79,710.21,760.90,840.89,912.38,969.39,1023.90
"All property types","All bedrooms","Kill, Kildare",1086.18,965.56,838.65,803.25,835.53,859.46,891.79,974.10,1065.60,1111.14,1190.77
"All property types","All bedrooms","Leixlip, Kildare",1144.31,1052.00,943.45,918.91,913.52,924.54,1031.09,1145.84,1199.40,1253.21,1307.77
"All property types","All bedrooms","Maynooth, Kildare",1154.92,1073.25,959.83,910.14,909.09,942.59,1039.62,1131.85,1229.33,1311.31,1360.39
"All property types","All bedrooms","Monasterevin, Kildare",767.87,739.02,663.56,636.89,619.39,611.48,658.28,714.13,775.15,850.76,910.88
"All property types","All bedrooms","Naas, Kildare",1061.93,952.38,845.21,806.23,800.91,817.03,888.46,978.82,1063.06,1137.24,1198.88
"All property types","All bedrooms","Newbridge, Kildare",972.53,894.94,800.41,752.71,740.71,740.96,764.83,832.73,911.46,968.90,1009.55
"All property types","All bedrooms","Rathangan, Kildare",811.09,754.41,683.71,657.62,650.03,625.95,653.70,704.28,799.87,861.15,883.32
"All property types","All bedrooms","Sallins, Kildare",1013.66,902.53,788.41,764.26,761.50,793.76,844.40,931.44,1015.70,1094.18,1145.10
"All property types","All bedrooms","Kilkenny",776.46,716.50,644.92,604.56,601.71,600.29,612.69,647.54,700.16,741.45,799.57
"All property types","All bedrooms","Kilkenny City",780.00,717.01,631.72,612.71,603.97,600.23,622.57,657.71,723.75,774.40,818.76
"All property types","All bedrooms","Callan, Kilkenny",858.51,777.07,691.08,635.94,605.14,596.12,588.26,616.85,659.85,695.59,783.87
"All property types","All bedrooms","Castlecomer, Kilkenny",789.04,757.29,705.23,672.71,648.62,631.79,664.19,694.78,732.37,774.38,839.29
"All property types","All bedrooms","Freshford, Kilkenny",791.01,735.26,641.16,589.40,613.60,625.06,619.96,660.16,723.83,739.66,789.48
"All property types","All bedrooms","Kells, Kilkenny",874.76,856.17,782.72,690.44,686.97,702.34,696.78,754.27,801.00,834.53,908.96
"All property types","All bedrooms","Thomastown, Kilkenny",801.84,667.60,609.79,597.35,617.71,625.72,648.02,672.63,664.54,716.12,909.59
"All property types","All bedrooms","Laois",718.09,653.14,569.71,532.39,526.95,522.31,541.48,586.44,647.92,701.75,758.84
"All property types","All bedrooms","Mountmellick, Laois",649.95,569.04,527.59,475.47,458.22,501.50,510.53,521.44,584.54,625.26,666.27
"All property types","All bedrooms","Mountrath, Laois",664.09,656.66,568.06,501.10,563.77,520.09,512.35,561.65,614.07,662.14,705.09
"All property types","All bedrooms","Portarlington, Laois",755.88,668.07,548.07,515.84,500.51,477.97,487.28,547.75,637.07,674.26,713.48
"All property types","All bedrooms","Portlaoise, Laois",719.25,654.88,576.98,539.26,535.97,534.35,559.90,605.37,665.34,731.28,793.87
"All property types","All bedrooms","Leitrim",552.46,506.75,451.79,425.69,405.84,410.51,419.85,437.35,459.98,486.17,516.34
"All property types","All bedrooms","Carrick-On-Shannon, Leitrim",576.70,526.13,448.35,426.29,405.95,422.63,433.35,450.78,488.89,529.22,553.79
"All property types","All bedrooms","Manorhamilton, Leitrim",510.70,444.70,434.67,416.54,402.85,416.07,416.48,437.91,419.25,413.07,469.82
"All property types","All bedrooms","Limerick",796.94,741.01,645.42,639.44,656.23,621.12,628.28,661.78,719.20,792.60,880.42
"All property types","All bedrooms","Limerick City",805.70,705.09,641.28,633.65,618.04,613.79,630.62,669.02,730.76,799.75,894.26
"All property types","All bedrooms","Abbeyfeale, Limerick",915.46,755.45,662.90,480.59,569.94,535.34,442.78,447.64,498.89,521.70,507.72
"All property types","All bedrooms","Annacotty, Limerick",928.01,873.27,782.71,758.22,767.34,790.45,809.70,841.17,893.47,988.70,1089.33
"All property types","All bedrooms","Castleconnell, Limerick",989.21,957.39,730.95,721.53,734.50,704.65,721.08,747.13,800.15,872.78,968.95
"All property types","All bedrooms","Castletroy, Limerick",958.84,1013.81,718.35,724.38,944.32,748.57,708.40,748.92,810.02,969.01,1154.16
"All property types","All bedrooms","Corbally, Limerick",789.45,737.83,599.89,594.20,578.82,570.22,576.14,610.35,639.26,744.07,826.20
"All property types","All bedrooms","Dock Road, Limerick",667.14,599.16,524.65,480.09,460.37,457.10,478.60,511.07,573.84,644.15,726.90
"All property types","All bedrooms","Dooradoyle, Limerick",839.12,773.70,704.53,689.25,675.81,670.88,694.75,738.39,802.22,873.66,958.23
"All property types","All bedrooms","Glen, Limerick",0.00,0.00,0.00,0.00,0.00,0.00,0.00,0.00,0.00,0.00,0.00
"All property types","All bedrooms","Kilmallock, Limerick",615.59,595.03,553.20,543.53,543.98,519.07,500.22,524.94,541.66,590.62,607.15
"All property types","All bedrooms","Newcastle West, Limerick",601.78,553.59,541.31,525.56,494.98,497.12,506.26,514.51,542.48,591.04,675.03
"All property types","All bedrooms","Old Cratloe Road, Limerick",647.70,695.77,596.14,738.62,653.13,693.39,748.10,719.59,730.59,773.53,772.12
"All property types","All bedrooms","Raheen, Limerick",827.84,745.82,681.56,677.82,670.62,663.46,677.98,725.76,790.10,865.98,979.28
"All property types","All bedrooms","Longford",564.23,525.20,470.88,436.85,423.70,412.51,413.94,433.73,468.39,510.10,554.54
"All property types","All bedrooms","Longford Town",543.03,510.31,435.20,415.47,406.25,398.73,410.50,430.13,475.04,523.48,565.47
"All property types","All bedrooms","Ballymahon, Longford",547.66,514.21,475.82,431.23,409.29,385.38,395.04,426.94,466.01,509.04,571.28
"All property types","All bedrooms","Edgeworthstown, Longford",557.65,511.09,436.69,410.85,394.07,401.62,406.10,421.73,454.38,484.01,521.62
"All property types","All bedrooms","Newtownforbes, Longford",496.01,471.34,428.19,398.09,445.32,431.42,382.76,403.82,433.95,495.98,543.92
"All property types","All bedrooms","Louth",849.08,765.40,678.85,644.40,637.06,636.35,655.65,702.13,773.59,866.72,947.84
"All property types","All bedrooms","Ardee, Louth",865.62,740.72,658.16,614.85,636.27,629.60,636.01,650.27,693.35,757.62,868.15
"All property types","All bedrooms","Drogheda, Louth",885.01,791.73,689.39,655.81,648.77,649.58,671.76,728.22,816.91,928.63,1000.32
"All property types","All bedrooms","Dundalk, Louth",764.83,716.81,661.09,629.46,620.71,616.59,636.13,679.52,738.08,811.84,900.75
"All property types","All bedrooms","Louth Town",0.00,0.00,0.00,0.00,0.00,0.00,0.00,0.00,0.00,0.00,0.00
"All property types","All bedrooms","Mayo",655.25,631.97,589.92,557.45,536.12,519.96,522.79,530.67,548.23,571.23,602.95
"All property types","All bedrooms","Ballina, Mayo",631.21,618.60,594.59,572.79,564.03,549.21,535.29,544.29,556.88,558.73,578.72
"All property types","All bedrooms","Ballinrobe, Mayo",682.10,636.87,556.35,487.94,481.62,492.14,514.10,495.98,491.95,499.13,524.51
"All property types","All bedrooms","Ballyhaunis, Mayo",617.83,567.63,515.22,486.70,462.60,437.76,453.67,453.26,468.78,473.23,471.98
"All property types","All bedrooms","Belmullet, Mayo",760.35,740.09,672.13,624.56,598.29,569.16,570.77,540.27,527.64,532.89,532.88
"All property types","All bedrooms","Castlebar, Mayo",665.09,646.39,592.21,555.78,533.17,522.16,525.62,534.00,557.09,588.62,633.78
"All property types","All bedrooms","Charlestown, Mayo",527.07,504.91,482.89,466.79,433.01,399.70,394.04,437.64,500.73,518.59,501.38
"All property types","All bedrooms","Claremorris, Mayo",610.35,580.38,540.40,526.04,499.10,471.32,476.63,485.07,508.94,536.09,575.58
"All property types","All bedrooms","Foxford, Mayo",677.20,579.69,531.96,501.73,517.92,478.23,467.07,494.14,511.64,544.81,555.69
"All property types","All bedrooms","Swinford, Mayo",525.95,528.83,470.47,450.44,429.85,424.73,420.70,427.42,433.70,477.29,503.50
"All property types","All bedrooms","Westport, Mayo",729.03,712.60,672.37,640.33,618.94,601.58,608.40,636.31,659.78,694.04,743.03
"All property types","All bedrooms","Meath",907.46,823.14,727.15,693.03,683.28,688.38,723.21,799.21,884.69,976.64,1050.06
"All property types","All bedrooms","Ashbourne, Meath",1089.49,965.94,838.41,801.40,811.16,820.87,877.21,972.90,1083.55,1158.93,1248.58
"All property types","All bedrooms","Athboy, Meath",734.56,688.47,599.81,559.26,551.04,556.19,583.76,633.09,682.90,750.34,826.19
"All property types","All bedrooms","Bettystown, Meath",948.15,843.25,750.62,695.40,682.14,697.39,724.90,814.62,911.23,1012.19,1068.09
"All property types","All bedrooms","Clonee, Meath",1119.72,1037.03,938.04,881.62,842.08,886.72,938.65,998.34,1106.31,1252.14,1316.10
"All property types","All bedrooms","Drogheda, Meath",1037.85,908.98,791.56,750.15,738.53,749.29,783.89,854.46,937.85,1093.12,1173.79
"All property types","All bedrooms","Duleek, Meath",927.75,799.12,704.13,709.62,724.21,733.98,697.73,766.04,881.76,949.48,1032.92
"All property types","All bedrooms","Dunboyne, Meath",1125.65,1037.37,932.84,881.31,891.17,912.37,974.33,1127.47,1228.58,1303.01,1405.54
"All property types","All bedrooms","Dunshaughlin, Meath",934.60,846.14,768.26,749.13,739.52,740.84,786.21,884.52,888.19,989.52,1061.35
"All property types","All bedrooms","Enfield, Meath",838.45,854.57,716.09,684.37,675.31,708.38,761.16,842.66,962.41,1069.42,1148.84
"All property types","All bedrooms","Kells, Meath",809.15,721.89,624.42,602.16,571.37,558.75,568.33,624.90,695.53,754.71,794.21
"All property types","All bedrooms","Laytown, Meath",910.65,829.16,712.37,684.60,669.65,676.94,710.77,780.71,916.09,986.52,1056.48
"All property types","All bedrooms","Navan, Meath",828.83,753.65,669.38,637.79,616.78,618.98,656.27,727.44,816.87,902.71,990.15
"All property types","All bedrooms","Ratoath, Meath",1093.65,981.97,857.84,835.57,841.44,872.47,933.02,1018.96,1131.89,1236.68,1344.75
"All property types","All bedrooms","Stamullen, Meath",1049.43,911.97,784.16,714.29,719.04,761.17,777.54,815.19,956.00,1071.02,1130.68
"All property types","All bedrooms","Trim, Meath",818.73,769.53,695.76,666.14,660.23,654.22,675.84,715.84,775.37,932.01,1023.90
"All property types","All bedrooms","Monaghan",635.33,582.47,528.57,512.29,512.95,503.76,504.34,515.21,541.91,579.56,615.63
"All property types","All bedrooms","Ballybay, Monaghan",532.01,489.34,470.72,446.62,418.20,390.07,390.70,405.95,435.70,481.20,522.29
"All property types","All bedrooms","Carrickmacross, Monaghan",637.72,592.02,571.31,556.03,536.48,524.19,534.97,547.22,565.21,616.81,685.76
"All property types","All bedrooms","Castleblayney, Monaghan",617.71,571.58,518.34,509.63,492.22,482.89,498.89,505.50,522.15,573.54,600.03
"All property types","All bedrooms","Monaghan Town",0.00,516.57,526.66,523.92,516.84,525.40,535.28,533.39,567.64,611.17,629.72
"All property types","All bedrooms","Offaly",701.91,635.20,579.45,549.51,540.65,538.96,548.54,574.67,599.50,635.94,677.46
"All property types","All bedrooms","Banagher, Offaly",578.19,575.94,572.71,534.53,490.01,505.66,560.02,572.34,547.23,544.46,543.32
"All property types","All bedrooms","Birr, Offaly",661.72,589.88,562.77,542.50,554.62,551.69,529.27,544.47,553.76,564.44,562.40
"All property types","All bedrooms","Clara, Offaly",640.85,609.53,531.78,486.39,485.07,495.37,524.72,545.95,566.58,555.16,621.78
"All property types","All bedrooms","Edenderry, Offaly",729.32,671.15,594.67,539.10,537.82,540.53,558.62,585.87,612.26,667.10,711.03
"All property types","All bedrooms","Tullamore, Offaly",715.03,644.83,588.40,563.13,544.60,543.56,554.31,581.98,616.87,663.16,724.35
"All property types","All bedrooms","Roscommon",623.82,562.85,513.65,497.13,480.00,464.70,475.64,484.14,498.04,532.42,582.10
"All property types","All bedrooms","Athlone, Roscommon",747.47,686.23,632.78,603.20,583.59,585.58,605.31,642.95,679.91,718.88,781.98
"All property types","All bedrooms","Ballaghaderreen, Roscommon",537.06,513.00,478.42,442.45,398.85,372.91,355.35,350.94,353.87,381.56,416.76
"All property types","All bedrooms","Boyle, Roscommon",551.21,499.82,452.14,433.66,431.63,419.66,414.39,422.70,445.06,474.79,519.02
"All property types","All bedrooms","Castlerea, Roscommon",600.32,524.14,452.94,428.92,417.50,401.69,395.26,401.73,413.37,438.69,483.19
"All property types","All bedrooms","Roscommon Town",727.79,660.28,600.94,573.48,549.69,517.91,514.83,528.78,544.90,568.51,635.41
"All property types","All bedrooms","Strokestown, Roscommon",0.00,482.39,438.70,454.76,419.51,392.88,448.45,445.44,419.88,510.60,522.84
"All property types","All bedrooms","Sligo",656.41,602.65,600.09,607.59,575.51,623.81,700.57,806.75,632.15,660.90,712.56
"All property types","All bedrooms","Sligo Town",0.00,591.12,570.15,577.84,564.75,566.19,598.85,616.14,643.28,647.09,685.96
"All property types","All bedrooms","Ballinode, Sligo",785.88,716.78,771.62,1060.34,702.84,695.22,948.06,780.57,651.98,722.70,864.97
"All property types","All bedrooms","Ballisodare, Sligo",650.53,587.58,557.59,553.47,542.84,532.65,522.26,518.27,544.62,615.62,649.76
"All property types","All bedrooms","Ballymote, Sligo",474.79,454.23,440.73,421.70,410.25,444.84,492.32,471.60,483.54,502.45,592.90
"All property types","All bedrooms","Ballytivnan, Sligo",707.15,712.65,771.53,731.83,747.89,670.65,1049.06,2214.07,812.22,1009.14,0.00
"All property types","All bedrooms","Collooney, Sligo",643.78,596.03,589.09,555.69,506.47,530.26,543.28,598.19,565.45,601.62,627.39
"All property types","All bedrooms","Lough Gill, Sligo",286.95,308.32,498.88,308.32,401.32,0.00,512.34,1480.40,741.17,0.00,1043.75
"All property types","All bedrooms","Strandhill, Sligo",774.96,720.92,702.25,670.63,704.26,738.09,710.88,717.42,759.71,816.40,810.28
"All property types","All bedrooms","Tubbercurry, Sligo",518.45,480.35,428.56,399.78,386.57,399.62,406.32,411.09,434.89,508.37,560.29
"All property types","All bedrooms","Tipperary",680.96,647.42,600.67,576.53,558.96,544.62,551.89,561.13,575.40,603.23,635.40
"All property types","All bedrooms","Tipperary Town",655.48,573.10,527.09,555.84,541.78,496.01,508.32,506.00,503.14,526.84,570.75
"All property types","All bedrooms","Ballina, Tipperary",768.54,793.25,749.09,656.63,622.50,633.45,636.67,675.56,844.15,886.73,834.03
"All property types","All bedrooms","Cahir, Tipperary",674.48,648.90,609.45,579.71,532.09,534.03,542.81,529.15,535.65,548.90,615.95
"All property types","All bedrooms","Carrick-On-Suir, Tipperary",739.46,646.69,552.46,545.66,561.00,527.09,545.03,572.32,574.59,602.71,580.63
"All property types","All bedrooms","Cashel, Tipperary",708.98,621.65,556.01,549.96,560.17,526.21,508.09,524.69,554.35,595.63,630.40
"All property types","All bedrooms","Clonmel, Tipperary",710.48,681.21,650.56,636.81,617.40,587.53,598.23,613.51,627.81,661.57,687.40
"All property types","All bedrooms","Fethard, Tipperary",707.45,629.98,582.03,571.89,499.66,568.57,604.32,538.07,580.53,599.59,614.91
"All property types","All bedrooms","Nenagh, Tipperary",677.01,638.63,572.82,537.03,515.37,509.63,520.08,541.94,553.37,584.51,636.23
"All property types","All bedrooms","Roscrea, Tipperary",622.71,613.26,570.04,551.78,547.84,558.84,538.21,538.20,554.31,580.59,592.98
"All property types","All bedrooms","Templemore, Tipperary",573.28,612.29,547.26,497.59,504.60,469.48,453.07,493.29,524.29,517.09,552.78
"All property types","All bedrooms","Thurles, Tipperary",634.53,637.71,585.21,554.19,546.40,532.14,556.10,568.40,572.22,580.82,607.60
"All property types","All bedrooms","Waterford",704.22,655.04,591.59,584.73,570.77,557.50,561.58,575.94,610.41,667.50,729.46
"All property types","All bedrooms","Waterford City",714.62,661.73,586.66,586.23,564.65,552.17,554.67,574.06,616.46,680.73,751.08
"All property types","All bedrooms","Ballytruckle, Waterford",483.44,411.64,391.32,521.03,526.81,515.77,522.17,541.45,593.28,667.28,702.56
"All property types","All bedrooms","Canada Street, Waterford",0.00,0.00,0.00,558.15,0.00,0.00,0.00,562.94,620.97,685.34,761.21
"All property types","All bedrooms","Castle Place, Waterford",0.00,0.00,550.38,640.96,513.27,549.00,534.53,595.59,604.84,0.00,0.00
"All property types","All bedrooms","Cork Road, Waterford",569.33,551.09,517.33,651.45,714.81,678.09,661.03,662.66,704.94,734.46,816.16
"All property types","All bedrooms","Dungarvan, Waterford",710.65,653.01,593.06,603.58,597.82,569.52,588.90,591.21,607.97,655.28,698.84
"All property types","All bedrooms","Dunmore East, Waterford",763.89,714.84,650.63,615.09,636.21,586.76,565.04,593.46,638.95,703.40,761.47
"All property types","All bedrooms","Dunmore Road, Waterford",826.21,788.84,722.39,689.76,685.10,678.02,674.87,703.83,762.56,826.69,888.41
"All property types","All bedrooms","Ferrybank, Waterford",788.08,726.44,673.60,651.09,616.33,617.16,621.33,627.84,669.95,735.78,797.34
"All property types","All bedrooms","Inner Ring Road, Waterford",1052.51,858.65,355.85,325.45,320.92,279.44,304.06,316.89,372.51,606.00,762.38
"All property types","All bedrooms","Johns Hill, Waterford",688.66,641.82,576.84,549.28,521.21,553.63,545.84,567.78,607.54,699.90,763.21
"All property types","All bedrooms","Lismore, Waterford",668.62,629.38,615.54,574.09,548.76,552.54,524.31,558.10,608.88,617.41,677.51
"All property types","All bedrooms","Mary Street, Waterford",657.07,611.27,540.59,527.76,539.67,492.47,492.53,508.76,587.85,654.58,675.00
"All property types","All bedrooms","Penrose Lane, Waterford",664.71,594.47,522.84,500.20,468.39,460.32,483.10,507.42,559.60,655.81,708.96
"All property types","All bedrooms","Poleberry, Waterford",521.25,476.73,522.48,520.84,489.76,484.51,449.89,530.67,412.57,489.50,644.06
"All property types","All bedrooms","Portlaw, Waterford",644.23,599.15,541.44,531.44,523.90,492.95,493.28,499.57,537.20,593.66,614.94
"All property types","All bedrooms","Railway Square, Waterford",0.00,0.00,0.00,0.00,543.52,547.59,597.81,0.00,727.34,0.00,0.00
"All property types","All bedrooms","Scotch Quay, Waterford",0.00,574.23,485.94,513.01,501.85,468.00,485.78,515.62,534.03,624.23,690.79
"All property types","All bedrooms","Templars Hall, Waterford",835.59,731.66,743.90,771.47,820.77,840.83,849.01,845.45,898.47,892.32,998.78
"All property types","All bedrooms","Tramore, Waterford",714.91,662.89,604.45,564.10,557.34,561.89,561.53,574.32,600.65,634.03,679.66
"All property types","All bedrooms","Westmeath",676.42,633.66,590.21,586.96,534.67,541.41,546.07,620.08,630.44,678.07,731.31
"All property types","All bedrooms","Athlone, Westmeath",689.78,669.09,642.90,662.44,563.38,583.12,578.45,719.22,670.83,711.78,764.90
"All property types","All bedrooms","Castlepollard, Westmeath",572.65,508.25,478.92,459.67,453.50,470.48,455.01,474.76,534.35,590.44,610.46
"All property types","All bedrooms","Kilbeggan, Westmeath",706.21,627.42,533.77,519.71,506.57,469.01,489.95,519.06,559.46,618.15,672.33
"All property types","All bedrooms","Kinnegad, Westmeath",675.58,605.07,542.33,520.84,518.40,544.39,566.88,614.09,677.29,711.58,766.75
"All property types","All bedrooms","Moate, Westmeath",666.54,621.71,549.01,530.98,523.12,489.37,493.29,522.23,563.84,646.35,721.78
"All property types","All bedrooms","Mullingar, Westmeath",645.46,597.59,550.83,529.92,517.48,516.21,528.39,556.40,603.96,655.38,708.21
"All property types","All bedrooms","Wexford",707.32,666.81,621.92,592.94,569.15,561.79,567.03,581.20,612.87,649.53,694.40
"All property types","All bedrooms","Bunclody, Wexford",689.01,659.77,615.84,576.98,539.52,539.40,527.07,544.81,578.54,576.23,602.37
"All property types","All bedrooms","Clonard, Wexford",755.31,711.52,667.04,645.67,625.70,645.21,639.09,645.31,696.03,713.63,733.76
"All property types","All bedrooms","Enniscorthy, Wexford",673.71,629.48,581.22,558.42,538.39,523.09,532.01,537.56,553.87,586.71,621.42
"All property types","All bedrooms","Ferns, Wexford",686.27,640.15,599.42,603.42,572.57,550.10,564.53,568.94,563.33,616.13,683.15
"All property types","All bedrooms","Ford, Wexford",0.00,0.00,0.00,0.00,0.00,0.00,0.00,0.00,0.00,0.00,0.00
"All property types","All bedrooms","Gorey, Wexford",730.40,694.20,639.09,611.09,595.83,591.28,591.96,628.63,675.82,729.16,795.14
"All property types","All bedrooms","Mulgannon, Wexford",765.88,721.32,661.73,625.78,618.38,621.09,627.70,629.87,645.14,706.83,736.23
"All property types","All bedrooms","New Ross, Wexford",686.08,638.91,598.27,563.91,527.82,513.97,513.75,524.06,555.78,584.57,613.57
"All property types","All bedrooms","Rosslare, Wexford",712.78,704.50,651.53,613.97,608.63,610.62,595.59,579.40,625.59,663.72,722.51
"All property types","All bedrooms","Wicklow",1104.56,1016.62,914.71,861.33,845.39,854.75,898.26,956.21,1035.93,1112.64,1174.47
"All property types","All bedrooms","Wicklow Town",979.51,926.40,858.37,801.15,770.98,762.13,822.78,879.08,923.08,1027.50,1097.75
"All property types","All bedrooms","Arklow, Wicklow",815.77,773.09,713.47,680.96,645.45,628.78,646.84,676.15,732.29,796.15,871.98
"All property types","All bedrooms","Baltinglass, Wicklow",799.83,742.88,668.51,629.69,629.71,603.70,624.28,681.75,737.88,746.63,806.76
"All property types","All bedrooms","Blessington, Wicklow",1042.78,956.78,859.17,807.87,797.07,852.17,910.54,959.50,1047.99,1119.67,1206.89
"All property types","All bedrooms","Bray, Wicklow",1204.75,1102.51,986.41,926.79,921.46,954.16,1009.98,1080.10,1141.93,1206.70,1252.56
"All property types","All bedrooms","Delgany, Wicklow",1319.31,1206.81,1032.36,999.03,1015.17,1028.17,1110.90,1217.21,1304.68,1405.71,1545.87
"All property types","All bedrooms","Greystones, Wicklow",1304.72,1185.02,1046.90,993.81,1004.66,1034.09,1122.83,1209.76,1314.38,1412.43,1517.27
"All property types","All bedrooms","Kilcoole, Wicklow",1287.24,1165.15,1028.08,977.22,1012.98,1004.80,996.66,1080.43,1123.92,1219.06,1317.56
"All property types","All bedrooms","Newtownmountkennedy, Wicklow",0.00,0.00,0.00,994.35,956.75,946.71,961.97,1027.43,1139.21,1294.58,1369.58
"All property types","All bedrooms","Rathnew, Wicklow",0.00,898.90,838.25,808.78,835.52,825.62,809.57,874.15,984.45,992.21,1005.70
